"SampleID","Bacteria_Proteobacteria_Alphaproteobacteria_Sphingomonadales","Bacteria_Proteobacteria_Gammaproteobacteria_Betaproteobacteriales","Bacteria_Proteobacteria_Gammaproteobacteria_Alteromonadales","Bacteria_Proteobacteria_Gammaproteobacteria_Oceanospirillales","Bacteria_Proteobacteria_Gammaproteobacteria_Enterobacteriales","Bacteria_Firmicutes_Bacilli_Bacillales","Bacteria_Proteobacteria_Gammaproteobacteria_Pseudomonadales","Bacteria_Proteobacteria_Gammaproteobacteria_Vibrionales","Bacteria_Bacteroidetes_Bacteroidia_Cytophagales","Bacteria_Bacteroidetes_Bacteroidia_Flavobacteriales","Bacteria_Epsilonbacteraeota_Campylobacteria_Campylobacterales","Bacteria_Proteobacteria_Alphaproteobacteria_Rhizobiales","Bacteria_Actinobacteria_Actinobacteria_Corynebacteriales","Bacteria_Nitrospirae_Nitrospira_Nitrospirales","Bacteria_Proteobacteria_Alphaproteobacteria_Rhodobacterales","Bacteria_Proteobacteria_Alphaproteobacteria_Caulobacterales","Bacteria_Acidobacteria_Acidobacteriia_Solibacterales","Bacteria_Proteobacteria_Gammaproteobacteria_Salinisphaerales","Bacteria_Proteobacteria_Gammaproteobacteria_Cellvibrionales","Bacteria_Proteobacteria_Gammaproteobacteria_Francisellales","Bacteria_Acidobacteria_Holophagae_Acanthopleuribacterales","Bacteria_Proteobacteria_Gammaproteobacteria_Xanthomonadales","Bacteria_Tenericutes_Mollicutes_Entomoplasmatales","Bacteria_Actinobacteria_Actinobacteria_Micrococcales","Bacteria_Proteobacteria_Deltaproteobacteria_Oligoflexales","Bacteria_Bacteroidetes_Bacteroidia_Sphingobacteriales","Bacteria_Bacteroidetes_Bacteroidia_Chitinophagales","Bacteria_Actinobacteria_Acidimicrobiia_Actinomarinales","Bacteria_Spirochaetes_Spirochaetia_Spirochaetales","Bacteria_Firmicutes_Bacilli_Lactobacillales","Bacteria_Proteobacteria_Alphaproteobacteria_Micavibrionales","Bacteria_Fusobacteria_Fusobacteriia_Fusobacteriales","Bacteria_Proteobacteria_Alphaproteobacteria_Rhodospirillales","Bacteria_Proteobacteria_Alphaproteobacteria_Puniceispirillales","Bacteria_Firmicutes_Erysipelotrichia_Erysipelotrichales","Bacteria_Proteobacteria_Gammaproteobacteria_Piscirickettsiales","Bacteria_Planctomycetes_Phycisphaerae_Phycisphaerales","Bacteria_Proteobacteria_Deltaproteobacteria_Bdellovibrionales","Bacteria_Proteobacteria_Gammaproteobacteria_Pasteurellales","Bacteria_Firmicutes_Clostridia_Clostridiales","Bacteria_Proteobacteria_Alphaproteobacteria_Rickettsiales","Bacteria_Proteobacteria_Deltaproteobacteria_Myxococcales","Bacteria_Proteobacteria_Alphaproteobacteria_SAR11_clade","Bacteria_Planctomycetes_Planctomycetacia_Pirellulales","Bacteria_Chlamydiae_Chlamydiae_Chlamydiales","Bacteria_Proteobacteria_Gammaproteobacteria_Aeromonadales","Bacteria_Bacteroidetes_Bacteroidia_Bacteroidales","Bacteria_Bacteroidetes_Rhodothermia_Rhodothermales","Bacteria_Proteobacteria_Gammaproteobacteria_Gammaproteobacteria_Incertae_Sedis","Bacteria_Bacteroidetes_Rhodothermia_Balneolales","Bacteria_Proteobacteria_Gammaproteobacteria_Nitrosococcales","Bacteria_Verrucomicrobia_Verrucomicrobiae_Verrucomicrobiales","Bacteria_Proteobacteria_Alphaproteobacteria_Paracaedibacterales","Bacteria_Proteobacteria_Gammaproteobacteria_Legionellales","Bacteria_Proteobacteria_Deltaproteobacteria_Desulfovibrionales","Bacteria_Proteobacteria_Deltaproteobacteria_Desulfobacterales","Bacteria_Actinobacteria_Acidimicrobiia_Microtrichales","Bacteria_Firmicutes_Negativicutes_Selenomonadales","Bacteria_Kiritimatiellaeota_Kiritimatiellae_Kiritimatiellales","Bacteria_Proteobacteria_Gammaproteobacteria_Arenicellales","Bacteria_Gemmatimonadetes_Gemmatimonadetes_Gemmatimonadales","Bacteria_Actinobacteria_Nitriliruptoria_Nitriliruptorales","Bacteria_Tenericutes_Mollicutes_Acholeplasmatales","Bacteria_Proteobacteria_Alphaproteobacteria_Rhodovibrionales","Bacteria_Proteobacteria_Gammaproteobacteria_Beggiatoales","Bacteria_Actinobacteria_Actinobacteria_Streptosporangiales","Bacteria_Lentisphaerae_Lentisphaeria_Lentisphaerales","Bacteria_Acidobacteria_Blastocatellia_(Subgroup_4)_Blastocatellales","Bacteria_Actinobacteria_Actinobacteria_Propionibacteriales","Bacteria_Acidobacteria_Thermoanaerobaculia_Thermoanaerobaculales","Bacteria_Actinobacteria_Actinobacteria_Pseudonocardiales","Bacteria_Actinobacteria_Actinobacteria_Frankiales","Bacteria_Chloroflexi_Anaerolineae_Caldilineales","Bacteria_Verrucomicrobia_Verrucomicrobiae_Opitutales","Bacteria_Thermotogae_Thermotogae_Petrotogales","Bacteria_Planctomycetes_Phycisphaerae_MSBL9","Bacteria_Proteobacteria_Alphaproteobacteria_Parvibaculales","Bacteria_Planctomycetes_Planctomycetacia_Gemmatales","Bacteria_Tenericutes_Mollicutes_Mycoplasmatales","Bacteria_Proteobacteria_Alphaproteobacteria_Kordiimonadales","Bacteria_Proteobacteria_Alphaproteobacteria_Sneathiellales","Bacteria_Proteobacteria_Deltaproteobacteria_Bradymonadales","Bacteria_Proteobacteria_Alphaproteobacteria_Acetobacterales","Bacteria_Proteobacteria_Gammaproteobacteria_Steroidobacterales","Bacteria_Planctomycetes_Planctomycetacia_Planctomycetales","Bacteria_Actinobacteria_Actinobacteria_Actinomycetales","Bacteria_Proteobacteria_Deltaproteobacteria_Desulfarculales","Bacteria_Bacteroidetes_Ignavibacteria_Ignavibacteriales","Bacteria_Proteobacteria_Gammaproteobacteria_Coxiellales"
"CHPd26",0.0410266774454325,0.00181891673403395,0.284357316087308,0.201495553759095,0,0,0.388439773645918,0.0517380759902991,0,0.0234438156831043,0,0.00222312045270817,0,0,0,0,0,0,0,0,0,0,0,0,0,0,0,0,0,0,0.00141471301535974,0,0.00303152789005659,0,0,0,0,0.00101050929668553,0,0,0,0,0,0,0,0,0,0,0,0,0,0,0,0,0,0,0,0,0,0,0,0,0,0,0,0,0,0,0,0,0,0,0,0,0,0,0,0,0,0,0,0,0,0,0,0,0,0,0
"CHPd32",0.00766785113147559,0.148307462128296,0.279221993641294,0.103609500654573,0.0506826257714606,0.00355339442678137,0.241256779502525,0.0677015148681504,0.0448849822330279,0.0157097437815598,0,0.0170188890966897,0,0,0.00392743594538994,0,0,0,0,0,0,0.00411445670469422,0,0.00317935290817281,0,0,0.00224424911165139,0,0,0,0.00355339442678137,0,0,0,0,0,0,0,0,0,0.00336637366747709,0,0,0,0,0,0,0,0,0,0,0,0,0,0,0,0,0,0,0,0,0,0,0,0,0,0,0,0,0,0,0,0,0,0,0,0,0,0,0,0,0,0,0,0,0,0,0,0
"CHPd33",0.152495561254685,0.00414282896034721,0.247780627342671,0.131189583744328,0.00572104951666995,0.00177549812586309,0.342079305582955,0.0447820082856579,0.00177549812586309,0.0193332018149536,0,0.013809429867824,0,0,0.0104557111856382,0.00611560465575064,0,0,0,0,0,0.00473466166896824,0,0.00335371868218584,0,0,0,0,0,0,0,0.00118366541724206,0.000986387847701716,0.00315644111264549,0,0,0,0.00118366541724206,0,0,0,0,0,0.00197277569540343,0,0,0,0.00197277569540343,0,0,0,0,0,0,0,0,0,0,0,0,0,0,0,0,0,0,0,0,0,0,0,0,0,0,0,0,0,0,0,0,0,0,0,0,0,0,0,0,0
"CHPd34",0.18697299278993,0.00611022852254674,0.124526457289503,0.29145790052548,0.00268850054992057,0,0.328730294513015,0.0200415495539533,0.00024440914090187,0.0250519369424416,0,0.000611022852254674,0.00134425027496028,0,0.00317731883172431,0,0,0.00134425027496028,0,0,0,0,0,0,0,0,0.00122204570450935,0,0,0,0.00195527312721496,0,0,0.000733227422705609,0,0,0.00109984113405841,0.000977636563607479,0,0,0,0,0,0.00171086398631309,0,0,0,0,0,0,0,0,0,0,0,0,0,0,0,0,0,0,0,0,0,0,0,0,0,0,0,0,0,0,0,0,0,0,0,0,0,0,0,0,0,0,0,0,0
"CHPd37",0.182547642928786,0.00802407221664995,0.372367101303912,0.0797392176529589,0.00827482447342026,0.00125376128385155,0.126128385155466,0.062938816449348,0.067703109327984,0.05641925777332,0,0.00501504513540622,0.00476429287863591,0.00250752256770311,0.00426278836509529,0,0,0,0,0,0,0,0,0,0,0,0,0,0,0,0.00576730190571715,0,0,0,0,0,0,0,0,0.00325977933801404,0,0,0.00125376128385155,0,0,0,0,0,0.0022567703109328,0,0,0.00275827482447342,0,0,0,0,0,0,0,0,0,0,0,0,0,0,0,0,0,0,0,0,0,0,0,0,0,0,0,0,0,0,0.00275827482447342,0,0,0,0,0,0
"CHPd38",0.250400256163945,0.0288184438040346,0.306115914185078,0.0576368876080692,0.0032020493115594,0.00224143451809158,0.104707012487992,0.0784502081332052,0.0281780339417227,0.0579570925392251,0,0.0525136087095741,0.0016010246557797,0,0.0064040986231188,0,0,0,0,0.0032020493115594,0,0,0,0.0016010246557797,0,0,0,0.00288184438040346,0,0.00416266410502722,0,0,0.0032020493115594,0,0,0,0,0,0.0016010246557797,0,0,0,0,0.00416266410502722,0.000960614793467819,0,0,0,0,0,0,0,0,0,0,0,0,0,0,0,0,0,0,0,0,0,0,0,0,0,0,0,0,0,0,0,0,0,0,0,0,0,0,0,0,0,0,0,0
"CHPd41",0.154060066740823,0.0301724137931034,0.369994438264739,0.125973303670745,0.00611790878754171,0.00125139043381535,0.112208008898776,0.0760567296996663,0.00152947719688543,0.0493604004449388,0,0.00542269187986652,0.00166852057842047,0,0.0136262513904338,0.000973303670745272,0,0,0,0,0,0.0057007786429366,0,0.0112625139043382,0,0,0,0,0,0,0.00834260289210234,0,0.00125139043381535,0.000695216907675195,0,0,0.000417130144605117,0,0,0,0,0.00125139043381535,0,0.00139043381535039,0.000973303670745272,0,0.0136262513904338,0,0.000973303670745272,0,0,0,0,0,0.00208565072302558,0.000973303670745272,0,0,0,0,0,0,0,0,0,0,0,0,0.000695216907675195,0,0,0,0,0,0,0,0,0,0,0.00194660734149054,0,0,0,0,0,0,0,0,0
"CHPd42",0,0.267283950617284,0.241666666666667,0.0688271604938272,0.103395061728395,0,0.13179012345679,0.0367283950617284,0.0376543209876543,0.0296296296296296,0,0.00185185185185185,0.00154320987654321,0,0.00709876543209877,0.00185185185185185,0,0,0,0.00246913580246914,0,0.00216049382716049,0,0.00555555555555556,0,0,0,0,0,0,0.00432098765432099,0,0.0237654320987654,0,0,0,0,0,0,0,0.0290123456790123,0,0,0,0,0,0,0,0,0,0,0,0,0,0,0,0,0,0,0,0,0,0,0,0,0,0,0,0,0,0,0,0,0,0,0,0,0,0,0,0,0,0,0,0.00339506172839506,0,0,0,0
"CHPd43",0.295259425158641,0.015304217991788,0.303844718178425,0.0910787607316163,0.00485255692422546,0.00186636804777902,0.147816349384099,0.051511758118701,0,0.0321015304217992,0,0.0377006345651362,0.00149309443822322,0,0,0,0,0.00522583053378126,0,0,0,0,0,0,0,0,0,0.00298618887644644,0,0.00261291526689063,0.00298618887644644,0,0,0,0,0,0,0,0,0,0,0,0,0,0,0,0.00335946248600224,0,0,0,0,0,0,0,0,0,0,0,0,0,0,0,0,0,0,0,0,0,0,0,0,0,0,0,0,0,0,0,0,0,0,0,0,0,0,0,0,0,0
"CHPd45",0.175720789074355,0.00364188163884674,0.111077389984825,0.120789074355083,0,0,0.0796661608497724,0.0148710166919575,0.0779969650986343,0.0411229135053111,0,0.00637329286798179,0.00106221547799697,0,0.285128983308042,0,0,0,0.00197268588770865,0,0,0.00379362670713202,0,0.00166919575113809,0,0,0.00242792109256449,0.0101669195751138,0,0.000455235204855842,0.00257966616084977,0,0.00773899848254932,0.0094081942336874,0,0,0,0,0,0,0.00182094081942337,0.0139605462822458,0.0116843702579666,0.00182094081942337,0,0,0,0,0,0,0,0,0,0,0,0,0,0,0,0,0.00606980273141123,0,0,0,0,0,0.000455235204855842,0,0,0,0,0.00227617602427921,0,0,0,0,0,0.00227617602427921,0,0,0,0,0.00197268588770865,0,0,0,0,0,0
"CHPd47",0.00444900752908966,0.331165868126854,0.122290668491901,0.113734884782113,0.109742185717545,0.00102669404517454,0.0477983116586813,0.0371891398585444,0.00079853981291353,0.135181382614647,0.0146018708647045,0.00524754734200319,0.00159707962582706,0,0.014259639516313,0.00159707962582706,0,0.0103810175678759,0.0232717316906229,0,0.00228154232261008,0.000912616929044034,0,0.00513347022587269,0,0,0,0.000684462696783025,0,0.00342231348391513,0,0,0.00410677618069815,0,0,0,0,0.00319415925165412,0.00114077116130504,0,0,0,0,0,0,0,0.0027378507871321,0.000456308464522017,0.000456308464522017,0,0.00114077116130504,0,0,0,0,0,0,0,0,0,0,0,0,0,0,0,0,0,0,0,0,0,0,0,0,0,0,0,0,0,0,0,0,0,0,0,0,0,0
"CHPd50",0.195245226506926,0.0160988393859978,0.143391988019468,0.187383002620741,0.00393111194309247,0.00336952452265069,0.23642830400599,0.0252714339198802,0.110632721827031,0.0175964058405092,0,0.0127293148633471,0.00243354548858106,0,0.0146012729314863,0.00467989517034818,0,0,0,0,0,0.000561587420441782,0,0.00243354548858106,0,0,0.00692624485211531,0,0,0.0061774616248596,0,0.00467989517034818,0.000935979034069637,0.00224634968176713,0,0,0,0,0,0,0.00224634968176713,0,0,0,0,0,0,0,0,0,0,0,0,0,0,0,0,0,0,0,0,0,0,0,0,0,0,0,0,0,0,0,0,0,0,0,0,0,0,0,0,0,0,0,0,0,0,0,0
"CHPd51",0.00583468395461912,0.13581847649919,0.22539168017288,0.234035656401945,0.0408427876823339,0.0075634792004322,0.208103727714749,0.0379254457050243,0,0.0355483522420313,0.00108049702863317,0,0,0,0.015667206915181,0.00421393841166937,0,0,0,0,0,0,0,0.00194489465153971,0,0.00497028633171259,0,0,0,0,0.00151269584008644,0,0,0,0,0,0.000972447325769854,0.00108049702863317,0,0.00777957860615883,0.000432198811453269,0,0,0,0,0,0.00972447325769854,0,0,0.000216099405726634,0,0.00551053484602917,0,0,0.00410588870880605,0,0,0,0.000540248514316586,0.00226904376012966,0,0,0.00280929227444625,0,0,0,0.00118854673149649,0,0,0,0,0,0,0.00108049702863317,0.00183684494867639,0,0,0,0,0,0,0,0,0,0,0,0,0,0
"CHPd52",0.00511058981233244,0.0616621983914209,0.13941018766756,0.101876675603217,0.0224530831099196,0,0.0868800268096515,0.00871313672922252,0.491454423592493,0.0352714477211796,0,0.00846179624664879,0.00159182305630027,0,0.017510053619303,0.00846179624664879,0,0,0.000418900804289544,0,0.000670241286863271,0.000837801608579088,0,0.000921581769436997,0,0,0,0.000921581769436997,0,0.000586461126005362,0.00259718498659517,0,0,0,0,0,0,0.000921581769436997,0,0.000921581769436997,0,0,0,0,0,0,0,0,0,0,0,0,0,0,0,0,0,0,0,0,0,0.000335120643431635,0,0,0,0,0,0.00167560321715818,0,0,0.000335120643431635,0,0,0,0,0,0,0,0,0,0,0,0,0,0,0,0,0,0
"CHPd53",0.246487119437939,0.0194672131147541,0.213846604215457,0.133489461358314,0.00336651053864169,0.00409836065573771,0.253220140515222,0.0102459016393443,0.0108313817330211,0.0589871194379391,0,0.00365925058548009,0.00673302107728337,0,0.00863583138173302,0.0128805620608899,0,0.00161007025761124,0.00687939110070258,0,0,0.00204918032786885,0,0,0,0,0.00248829039812646,0,0,0,0,0,0,0,0,0,0,0,0,0,0,0,0.000585480093676815,0,0,0,0,0,0.000439110070257611,0,0,0,0,0,0,0,0,0,0,0,0,0,0,0,0,0,0,0,0,0,0,0,0,0,0,0,0,0,0,0,0,0,0,0,0,0,0,0,0
"CHPd56",0.0157337367624811,0.127534039334342,0.270347957639939,0.159152798789713,0.0343419062027231,0.00665658093797277,0.207413010590015,0.00847201210287443,0,0.0794251134644478,0,0.0142208774583964,0,0,0.0075642965204236,0.00226928895612708,0,0.00393343419062027,0.00332829046898638,0.0107413010590015,0,0,0,0.0010590015128593,0,0.00695915279878971,0,0.00196671709531014,0.00257186081694402,0,0.00151285930408472,0.00605143721633888,0,0.00302571860816944,0,0,0.00136157337367625,0.00287443267776097,0,0.00287443267776097,0.00196671709531014,0,0,0,0,0,0.00892586989409985,0,0,0.00166414523449319,0,0,0,0,0.00166414523449319,0,0,0,0,0,0.00242057488653555,0,0,0,0,0,0,0.00196671709531014,0,0,0,0,0,0,0,0,0,0,0,0,0,0,0,0,0,0,0,0,0
"CHPd57",0.200381073356621,0.0146078120038107,0.311845030168307,0.0924102889806288,0,0.00349317243569387,0.150841536995872,0.0149253731343284,0.00317561130517625,0.120038107335662,0,0.0139726897427755,0,0,0.0171483010479517,0,0,0,0.00190536678310575,0,0.00222292791362337,0,0,0.00666878374087012,0,0,0.0123848840901874,0.00317561130517625,0,0,0,0.00349317243569387,0,0.0012702445220705,0,0,0,0,0.00158780565258812,0,0,0,0,0,0.00317561130517625,0,0.00158780565258812,0,0.00603366147983487,0.00635122261035249,0,0,0,0,0,0,0,0,0.00349317243569387,0.00222292791362337,0,0,0,0,0,0,0,0,0,0,0,0,0,0,0,0,0,0,0,0,0,0,0,0,0,0,0,0,0.00158780565258812
"CHPd58",0.262166405023548,0.0170441803094864,0.238169993272034,0.097331240188383,0.0132316662928908,0.00336398295581969,0.178291096658444,0.00672796591163938,0.0692980488898856,0.0576362413097107,0,0.02220228750841,0.00201838977349181,0,0,0.00246692083426777,0,0.00269118636465575,0.00807355909396726,0,0.00179412424310384,0,0,0.00224265530387979,0,0,0,0,0,0.00538237272931151,0,0,0.0011213276519399,0.00179412424310384,0,0,0,0,0,0,0,0.00134559318232788,0,0,0,0,0,0,0.00470957613814757,0.000897062121551918,0,0,0,0,0,0,0,0,0,0,0,0,0,0,0,0,0,0,0,0,0,0,0,0,0,0,0,0,0,0,0,0,0,0,0,0,0,0,0
"CHPd61",0.00464534572092192,0.204573878863677,0.060389494371985,0.47936394497052,0.0443094514918706,0,0.0518134715025907,0.0189387171699125,0.0139360371627658,0.0452027872074326,0,0.0048240128640343,0.00428801143469716,0,0.00964802572806861,0,0,0,0,0.00285867428979811,0.00214400571734858,0.00357334286224763,0,0.00625335000893336,0,0,0.00410934429158478,0,0,0.0128640343040915,0,0.00250134000357334,0,0,0,0,0.000714668572449526,0.0019653385742362,0,0.00214400571734858,0.0105413614436305,0,0,0,0,0,0.00357334286224763,0.00303734143291049,0,0,0,0,0,0,0,0.000893335715561908,0,0,0,0,0,0,0,0,0,0,0,0,0,0,0,0,0,0,0,0,0,0,0,0,0,0,0,0,0,0,0,0,0.000893335715561908
"CHPd62",0.484446477584629,0.0577920097590729,0.0240927111924367,0.0643488868557487,0.0242451967063129,0.00564196401341873,0.210277523635255,0.00289722476364745,0,0.090576395242452,0,0.00442207990240927,0.00304971027752364,0,0.00365965233302836,0,0,0,0,0.00259225373589509,0,0.00442207990240927,0,0.00259225373589509,0,0,0.001677340652638,0,0,0.00213479719426654,0,0,0,0.001677340652638,0,0,0,0,0,0.00381213784690454,0,0,0.00182982616651418,0,0,0.00137236962488564,0.00152485513876182,0,0,0,0,0.000914913083257091,0,0,0,0,0,0,0,0,0,0,0,0,0,0,0,0,0,0,0,0,0,0,0,0,0,0,0,0,0,0,0,0,0,0,0,0,0
"CHPd63",0.00728685936361428,0.61233908185572,0.00898712654845761,0.0281758562059752,0.169055137235851,0.00340053436968667,0.0845275686179257,0.00923002186057809,0,0.0225892640272043,0,0.00145737187272286,0.00631527811513238,0,0.00728685936361428,0.00218605780908428,0,0,0,0.00194316249696381,0,0.0218605780908428,0,0,0,0,0,0,0,0.00242895312120476,0,0,0.00194316249696381,0.00340053436968667,0,0,0,0.00315763905756619,0,0,0,0.00242895312120476,0,0,0,0,0,0,0,0,0,0,0,0,0,0,0,0,0,0,0,0,0,0,0,0,0,0,0,0,0,0,0,0,0,0,0,0,0,0,0,0,0,0,0,0,0,0,0
"CHPd64",0.00649717514124294,0.58361581920904,0,0.0231638418079096,0.205932203389831,0.0101694915254237,0.128531073446328,0,0,0.0107344632768362,0,0.00903954802259887,0.00790960451977401,0,0.00423728813559322,0,0,0,0,0,0,0,0,0,0,0,0,0.00254237288135593,0,0,0,0.000847457627118644,0,0.00451977401129944,0,0,0,0,0,0.00112994350282486,0,0,0,0,0,0,0,0,0,0,0,0.00112994350282486,0,0,0,0,0,0,0,0,0,0,0,0,0,0,0,0,0,0,0,0,0,0,0,0,0,0,0,0,0,0,0,0,0,0,0,0,0
"CHPd65",0.844080474593758,0.0340469435130255,0.00257931390250193,0.0137993293783853,0.00141862264637606,0.00451379932937839,0.062677327830797,0.00077379417075058,0.003997936548878,0.0135413979881352,0,0.00219241681712664,0.00296621098787722,0,0.000515862780500387,0.00128965695125097,0,0,0,0.00116069125612587,0,0.00116069125612587,0,0.00167655403662626,0,0,0,0.00180551973175135,0,0.00154758834150116,0,0,0,0.00154758834150116,0,0,0,0.00103172556100077,0,0,0.00167655403662626,0,0,0,0,0,0,0,0,0,0,0,0,0,0,0,0,0,0,0,0,0,0,0,0,0,0,0,0,0,0,0,0,0,0,0,0,0,0,0,0,0,0,0,0,0,0,0,0
"CHPd66",0.00394588500563698,0.336715520481022,0.0648252536640361,0.0559939872228486,0.117624953025179,0,0.0548665915069523,0.047162720781661,0.122698233746712,0.026869597895528,0.00150319428786171,0.020293122886133,0.00112739571589628,0,0,0,0,0,0,0.00169109357384442,0,0,0.133596392333709,0,0,0,0,0.00225479143179256,0,0.00375798571965427,0,0,0,0,0,0,0.00225479143179256,0,0,0,0,0,0,0,0,0,0,0,0,0,0,0,0,0,0,0.00056369785794814,0,0,0,0,0,0,0,0,0,0,0,0,0,0,0,0,0,0,0,0,0,0,0,0,0,0,0,0.00225479143179256,0,0,0,0,0
"CHPd68",0.44892221180881,0.049203373945642,0.0131208997188379,0.0501405810684161,0.0145267104029991,0.0290534208059981,0.224461105904405,0.0477975632614808,0.00656044985941893,0.049203373945642,0,0.00374882849109653,0.00328022492970947,0,0.007029053420806,0.0042174320524836,0,0.00234301780693533,0.0042174320524836,0,0,0.0103092783505155,0,0.00234301780693533,0,0,0,0.00609184629803187,0,0.0103092783505155,0,0,0,0.00468603561387067,0,0,0,0,0,0,0,0,0,0.00328022492970947,0,0,0,0,0,0,0,0,0,0,0,0,0,0.00515463917525773,0,0,0,0,0,0,0,0,0,0,0,0,0,0,0,0,0,0,0,0,0,0,0,0,0,0,0,0,0,0,0
"CHPd71",0.00199115044247788,0.169469026548673,0.126548672566372,0.203097345132743,0.0519911504424779,0,0.088716814159292,0.0278761061946903,0.146681415929204,0.0763274336283186,0.0214601769911504,0.00442477876106195,0.00243362831858407,0,0.00309734513274336,0.00353982300884956,0,0.0210176991150442,0.0216814159292035,0,0.0232300884955752,0,0,0,0,0,0,0,0,0,0,0,0.00243362831858407,0,0,0,0,0.00132743362831858,0,0.00154867256637168,0,0,0,0,0,0,0,0,0,0,0,0,0,0,0,0,0,0,0,0,0,0,0,0,0,0,0,0,0.00110619469026549,0,0,0,0,0,0,0,0,0,0,0,0,0,0,0,0,0,0,0,0
"CHPd72",0.604132231404959,0.0297520661157025,0.00578512396694215,0.0338842975206612,0.00289256198347107,0.00785123966942149,0.100826446280992,0,0,0.0326446280991736,0,0.119834710743802,0.00330578512396694,0,0.00702479338842975,0,0,0,0.00206611570247934,0,0,0.0247933884297521,0,0.00537190082644628,0,0,0,0.00826446280991736,0,0.00371900826446281,0,0,0,0.00247933884297521,0,0,0,0,0,0,0.00537190082644628,0,0,0,0,0,0,0,0,0,0,0,0,0,0,0,0,0,0,0,0,0,0,0,0,0,0,0,0,0,0,0,0,0,0,0,0,0,0,0,0,0,0,0,0,0,0,0,0
"CHPd73",0.698890649762282,0.0269413629160063,0,0.0352614896988906,0.00396196513470681,0.00832012678288431,0.0562599049128368,0,0.0213946117274168,0.0301109350237718,0,0.00713153724247227,0.0134706814580032,0,0,0.00713153724247227,0,0,0,0.0118858954041204,0,0.0213946117274168,0,0.00356576862123613,0,0,0.00554675118858954,0,0,0.00950871632329636,0,0,0.0043581616481775,0.00118858954041204,0,0,0,0.00316957210776545,0.00713153724247227,0.00396196513470681,0,0,0.00356576862123613,0,0,0,0.00594294770206022,0,0,0,0,0.0043581616481775,0,0,0,0,0,0,0,0.00554675118858954,0,0,0,0,0,0,0,0,0,0,0,0,0,0,0,0,0,0,0,0,0,0,0,0,0,0,0,0,0
"CHPd75",0.00781657113079729,0.449192287649818,0.0807712350182387,0.0226680562793121,0.146690984887962,0.00521104742053153,0.14382490880667,0.0164147993746743,0.0101615424700365,0.044293903074518,0,0.00859822824387702,0.00599270453361126,0,0,0.00573215216258468,0,0,0.00651380927566441,0,0,0.00573215216258468,0,0.00521104742053153,0,0.00468994267847837,0,0.00338718082334549,0,0,0.00182386659718603,0,0,0.00599270453361126,0,0,0,0.00338718082334549,0.0044293903074518,0,0,0,0,0.00260552371026576,0,0,0.00234497133923919,0,0,0,0,0,0,0,0,0,0,0,0.00156331422615946,0,0,0.00104220948410631,0,0,0,0,0,0,0,0,0.00390828556539865,0,0,0,0,0,0,0,0,0,0,0,0,0,0,0,0,0,0
"CHPd76",0.00344462109167992,0.476947535771065,0.0103338632750397,0.039480657127716,0.162692103868574,0.00794912559618442,0.0426603073661897,0.0230524642289348,0.100953895071542,0.00741918388977213,0,0.0482246952835188,0,0,0,0.00715421303656598,0,0,0,0.0458399576046635,0,0.00662427133015368,0,0,0,0,0,0,0,0.00211976682564918,0,0,0.00185479597244303,0,0,0,0,0,0,0,0,0,0,0,0,0,0,0,0,0,0,0.00264970853206147,0.00556438791732909,0,0,0,0,0,0,0,0,0,0,0,0,0,0,0,0,0,0,0.0050344462109168,0,0,0,0,0,0,0,0,0,0,0,0,0,0,0,0,0
"CHPd77",0.5119825708061,0.0152505446623094,0.00435729847494553,0.0174291938997821,0.0152505446623094,0,0.206971677559913,0.0435729847494553,0,0.0152505446623094,0,0.0501089324618736,0.0522875816993464,0,0,0,0,0,0,0.0174291938997821,0,0.0108932461873638,0,0.0174291938997821,0,0,0,0,0,0,0,0,0,0,0,0,0,0,0,0,0,0,0,0,0,0,0.0217864923747277,0,0,0,0,0,0,0,0,0,0,0,0,0,0,0,0,0,0,0,0,0,0,0,0,0,0,0,0,0,0,0,0,0,0,0,0,0,0,0,0,0,0
"CHPd78",0.585365853658537,0.0201484623541888,0.0159066808059385,0.0752916224814422,0.00371155885471898,0.00212089077412513,0.135737009544008,0.0143160127253446,0.063626723223754,0.0127253446447508,0,0.0116648992576882,0.0095440084835631,0,0.00742311770943796,0,0,0,0,0.0201484623541888,0,0.0116648992576882,0,0,0,0,0,0.00530222693531283,0,0,0,0.00212089077412513,0,0,0,0,0,0,0,0,0,0,0,0.0031813361611877,0,0,0,0,0,0,0,0,0,0,0,0,0,0,0,0,0,0,0,0,0,0,0,0,0,0,0,0,0,0,0,0,0,0,0,0,0,0,0,0,0,0,0,0,0
"CHPd79",0.00665335994677312,0.504324683965403,0.0558882235528942,0.019294743845642,0.183632734530938,0,0.0778443113772455,0.0472388556220892,0,0,0,0.0219560878243513,0.0133067198935462,0,0,0,0,0,0,0,0,0,0,0,0,0,0.0053226879574185,0.00399201596806387,0,0.00998003992015968,0,0,0.00931470392548237,0.00665335994677312,0,0,0,0,0,0.0179640718562874,0,0,0,0,0,0,0.00465735196274118,0,0,0,0,0.00332667997338656,0.00864936793080506,0,0,0,0,0,0,0,0,0,0,0,0,0,0,0,0,0,0,0,0,0,0,0,0,0,0,0,0,0,0,0,0,0,0,0,0
"CHPd81",0.268545140885566,0.0201265094882116,0.243818286371478,0.0563542265669925,0,0.0115008625646924,0.185738930419781,0.0425531914893617,0.0207015526164462,0.0109258194364577,0,0.0097757331799885,0.0247268545140886,0.012075905692927,0.039102932719954,0,0,0,0.0126509488211616,0.00517538815411156,0,0,0,0.0138010350776308,0,0,0,0,0,0.00632547441058079,0,0,0.00632547441058079,0,0,0,0.00345025876940771,0,0,0.00460034502587694,0,0,0.00172512938470385,0,0,0,0,0,0,0,0,0,0,0,0,0,0,0,0,0,0,0,0,0,0,0,0,0,0,0,0,0,0,0,0,0,0,0,0,0,0,0,0,0,0,0,0,0,0
"CHPd82",0.650877192982456,0.0315789473684211,0.0309941520467836,0.0152046783625731,0,0,0.0953216374269006,0.012280701754386,0,0.00760233918128655,0,0.0865497076023392,0.00701754385964912,0,0,0,0,0.00818713450292398,0,0,0,0.00350877192982456,0,0.0152046783625731,0,0,0.00584795321637427,0.0087719298245614,0,0,0,0,0,0,0,0,0,0,0,0,0,0,0,0,0.00818713450292398,0,0,0,0,0,0,0,0,0,0,0,0,0,0,0,0,0,0,0,0,0.0128654970760234,0,0,0,0,0,0,0,0,0,0,0,0,0,0,0,0,0,0,0,0,0,0,0
"CHPd83",0.00873138161273754,0.464817668207499,0.0595788392398562,0.0472521828454032,0.152285567539805,0,0.0582948125321007,0.00770416024653313,0.112480739599384,0.0061633281972265,0,0.0059065228556754,0.00410888546481767,0,0.00308166409861325,0,0,0,0,0.00642013353877761,0,0.0297894196199281,0,0.00102722136620442,0,0,0,0,0,0.00282485875706215,0,0,0.0100154083204931,0,0,0,0,0,0.00513610683102209,0,0.00847457627118644,0,0.00333846944016436,0,0,0,0,0,0.00256805341551104,0,0,0,0,0,0,0,0,0,0,0,0,0,0,0,0,0,0,0,0,0,0,0,0,0,0,0,0,0,0,0,0,0,0,0,0,0,0,0,0
"CHPd84",0.796039603960396,0.0323432343234323,0.031023102310231,0,0,0.00792079207920792,0.0719471947194719,0.0125412541254125,0,0.0105610561056106,0,0.0250825082508251,0.00264026402640264,0,0,0.0033003300330033,0,0.00198019801980198,0,0,0,0,0,0,0,0,0,0.00198019801980198,0,0,0,0,0,0,0,0,0,0,0,0,0,0,0.00264026402640264,0,0,0,0,0,0,0,0,0,0,0,0,0,0,0,0,0,0,0,0,0,0,0,0,0,0,0,0,0,0,0,0,0,0,0,0,0,0,0,0,0,0,0,0,0,0
"CHPd85",0.19935691318328,0.022508038585209,0.0868167202572347,0.060021436227224,0,0.015005359056806,0.184351554126474,0.0857449088960343,0.030010718113612,0,0,0.00857449088960343,0.00964630225080386,0,0,0,0,0,0.0107181136120043,0,0,0.00857449088960343,0,0,0,0,0,0.00643086816720257,0,0,0,0,0.232583065380493,0,0,0,0,0,0,0,0,0,0,0.0267952840300107,0,0,0,0,0,0,0.0128617363344051,0,0,0,0,0,0,0,0,0,0,0,0,0,0,0,0,0,0,0,0,0,0,0,0,0,0,0,0,0,0,0,0,0,0,0,0,0,0
"CHPd86",0.698450946643718,0.0302925989672978,0.0440619621342513,0.0299483648881239,0.00240963855421687,0.00137693631669535,0.0609294320137694,0.00688468158347676,0.0636833046471601,0.00275387263339071,0,0.0409638554216867,0.00344234079173838,0,0.00791738382099828,0,0,0,0.00172117039586919,0,0,0,0,0.00275387263339071,0,0,0,0,0,0,0,0,0,0,0,0,0,0,0,0,0,0,0,0,0,0,0,0,0,0,0,0,0,0,0,0,0,0,0,0,0,0,0,0,0,0,0,0,0.00103270223752151,0,0,0,0,0.00137693631669535,0,0,0,0,0,0,0,0,0,0,0,0,0,0,0
"CHPd87",0.665582655826558,0.0346883468834688,0.0138211382113821,0.0176151761517615,0.00894308943089431,0.0024390243902439,0.124932249322493,0,0.0943089430894309,0.0173441734417344,0,0,0.0010840108401084,0,0,0,0,0,0,0.0016260162601626,0,0.00596205962059621,0,0.0024390243902439,0,0,0,0.0021680216802168,0,0.0032520325203252,0,0,0,0.0021680216802168,0,0,0,0,0,0,0,0,0.0016260162601626,0,0,0,0,0,0,0,0,0,0,0,0,0,0,0,0,0,0,0,0,0,0,0,0,0,0,0,0,0,0,0,0,0,0,0,0,0,0,0,0,0,0,0,0,0,0
"CHPd88",0.604929051530993,0.0186706497386109,0.0104555638536221,0.0126960418222554,0.00224047796863331,0.0560119492158327,0.150112023898432,0,0,0.0365944734876774,0,0.00522778192681105,0.0403286034353996,0,0.0112023898431665,0.00970873786407767,0,0,0,0,0,0.0336071695294996,0,0.0082150858849888,0,0,0,0,0,0,0,0,0,0,0,0,0,0,0,0,0,0,0,0,0,0,0,0,0,0,0,0,0,0,0,0,0,0,0,0,0,0,0,0,0,0,0,0,0,0,0,0,0,0,0,0,0,0,0,0,0,0,0,0,0,0,0,0,0
"CHPd89",0.645322245322245,0.0374220374220374,0.0207900207900208,0.0515592515592516,0.00291060291060291,0.0079002079002079,0.0328482328482329,0.00332640332640333,0.158835758835759,0.0253638253638254,0,0,0,0,0.00332640332640333,0,0,0,0,0,0,0,0,0,0,0,0,0,0,0,0,0.00207900207900208,0,0,0,0,0,0,0,0,0,0,0,0,0.00540540540540541,0,0,0,0,0,0,0.00291060291060291,0,0,0,0,0,0,0,0,0,0,0,0,0,0,0,0,0,0,0,0,0,0,0,0,0,0,0,0,0,0,0,0,0,0,0,0,0
"CHPd91",0,0.506578947368421,0.0148026315789474,0.00493421052631579,0.190789473684211,0.0123355263157895,0.0600328947368421,0.0518092105263158,0.0361842105263158,0.0205592105263158,0,0.00904605263157895,0.0238486842105263,0,0,0.00904605263157895,0,0.00411184210526316,0.00411184210526316,0,0,0,0,0.0131578947368421,0,0,0,0,0,0.0115131578947368,0,0,0,0.00246710526315789,0,0,0,0,0,0.015625,0.00904605263157895,0,0,0,0,0,0,0,0,0,0,0,0,0,0,0,0,0,0,0,0,0,0,0,0,0,0,0,0,0,0,0,0,0,0,0,0,0,0,0,0,0,0,0,0,0,0,0,0
"CHPd92",0.00157521659228144,0.436072459963245,0.0280913625623523,0.00446311367813074,0.151220792859018,0.0028878970858493,0.304279338409031,0.00708847466526647,0.00341296928327645,0.0228406405880809,0,0.00210028878970859,0.00157521659228144,0,0.00630086636912575,0,0,0,0,0.00315043318456288,0,0.00551325807298504,0,0.00630086636912575,0,0,0,0.0028878970858493,0,0,0,0,0,0.00315043318456288,0,0,0,0,0,0.000525072197427146,0.00656340246783933,0,0,0,0,0,0,0,0,0,0,0,0,0,0,0,0,0,0,0,0,0,0,0,0,0,0,0,0,0,0,0,0,0,0,0,0,0,0,0,0,0,0,0,0,0,0,0,0
"CHPd93",0.336014625228519,0.0219378427787934,0.0475319926873857,0.0153564899451554,0,0.0204753199268739,0.406215722120658,0.0135283363802559,0,0.0160877513711152,0,0.056672760511883,0.0106032906764168,0,0.00658135283363803,0.0120658135283364,0,0,0,0,0,0.0120658135283364,0,0,0,0.00475319926873857,0,0.00621572212065814,0,0.00292504570383912,0,0.000731261425959781,0,0.00292504570383912,0,0,0,0,0,0.00292504570383912,0.00438756855575868,0,0,0,0,0,0,0,0,0,0,0,0,0,0,0,0,0,0,0,0,0,0,0,0,0,0,0,0,0,0,0,0,0,0,0,0,0,0,0,0,0,0,0,0,0,0,0,0
"CHPd94",0.155829109341057,0.0192614047791455,0.0212889210716872,0.00434467776973208,0.0108616944243302,0.00637219406227372,0.202461984069515,0.0273714699493121,0.0603910209992759,0.413323678493845,0,0.034902244750181,0.00955829109341057,0,0.0057929036929761,0,0,0.00057929036929761,0.00217233888486604,0,0,0.00434467776973208,0,0.0055032585083273,0,0.00101375814627082,0.00260680666183925,0,0,0.00130340333091962,0,0,0.00434467776973208,0,0,0,0.000868935553946416,0,0,0,0,0,0,0,0,0.00304127443881245,0,0,0,0,0,0,0,0,0,0,0,0.00057929036929761,0,0,0,0,0,0,0,0,0,0,0,0,0,0,0,0,0,0,0.00188269370021723,0,0,0,0,0,0,0,0,0,0,0,0
"CHPd95",0,0.215192383974613,0.0210234034113447,0.0057516858389528,0.0658468861562872,0,0.602538675128917,0.00317334391114637,0.00198333994446648,0.00515668385561285,0,0.0374851249504165,0.00357001190003967,0,0.00436334787782626,0,0,0,0,0.0164617215390718,0,0.00595001983339944,0,0,0,0,0,0.00634668782229274,0,0,0,0,0,0.00158667195557319,0,0,0,0,0,0,0.00198333994446648,0,0,0.000793335977786593,0,0,0,0,0,0,0,0.000793335977786593,0,0,0,0,0,0,0,0,0,0,0,0,0,0,0,0,0,0,0,0,0,0,0,0,0,0,0,0,0,0,0,0,0,0,0,0,0
"CHPd96",0.521777777777778,0.0106666666666667,0.0213333333333333,0.0613333333333333,0.00977777777777778,0.00888888888888889,0.193777777777778,0.0186666666666667,0,0.0115555555555556,0,0.0737777777777778,0,0,0,0,0,0,0.0266666666666667,0,0,0,0,0,0,0,0,0,0,0,0,0,0,0.032,0,0,0,0,0,0,0.00977777777777778,0,0,0,0,0,0,0,0,0,0,0,0,0,0,0,0,0,0,0,0,0,0,0,0,0,0,0,0,0,0,0,0,0,0,0,0,0,0,0,0,0,0,0,0,0,0,0,0
"CHPd97",0.64050842774247,0.0392373583862946,0.0616192318319978,0,0.00690798563138989,0.00386847195357834,0.108040895274938,0.0458690245924289,0.00193423597678917,0.0240397899972368,0,0,0.0060790273556231,0,0,0,0,0.00359215252832274,0.00801326333241227,0.0378557612600166,0,0,0,0.00138159712627798,0,0,0,0.00221055540204476,0,0.00331583310306715,0,0,0,0,0,0,0,0,0,0.00552638850511191,0,0,0,0,0,0,0,0,0,0,0,0,0,0,0,0,0,0,0,0,0,0,0,0,0,0,0,0,0,0,0,0,0,0,0,0,0,0,0,0,0,0,0,0,0,0,0,0,0
"CHPd98",0.00456343170063888,0.369811812768917,0.0166021991394672,0.156677821721935,0.1123473423443,0.00330305532617671,0.0361597635707767,0.007779564518232,0.227650049980442,0.0197748707027685,0.0119518449302447,0.00334651658046851,0.000651918814376983,0,0.00147768264592116,0.000782302577252379,0,0.00139076013733756,0.000651918814376983,0,0.00147768264592116,0.000173845017167195,0,0.00286844278325872,0,0,0.000999608848711374,0,0.0141249076448346,0.000564996305793385,0.000564996305793385,0,0.000347690034334391,0,0,0,0,0.000260767525750793,0,0.000956147594419575,0,0,0,0,0,0,0,0,0,0.000347690034334391,0,0,0,0,0,0,0,0,0,0,0,0.000478073797209787,0,0,0,0.000782302577252379,0,0,0.000434612542917989,0,0.000695380068668782,0,0,0,0,0,0,0,0,0,0,0,0,0,0,0,0,0,0
"CHPd99",0.00330193260172866,0.677964455666699,0.0147615810430222,0.00388462659026901,0.215208313100903,0.00417597358453919,0.0225308342235603,0,0,0.0159269690201029,0,0.0281635427794503,0.00427308924929591,0,0.00126250364183743,0,0,0,0.000971156647567253,0,0,0.00184519763037778,0,0.00184519763037778,0,0,0,0,0,0,0,0,0,0.000679809653297077,0,0,0,0,0,0,0,0,0.0011653879770807,0,0,0,0.00106827231232398,0,0,0,0,0,0,0,0,0,0.000971156647567253,0,0,0,0,0,0,0,0,0,0,0,0,0,0,0,0,0,0,0,0,0,0,0,0,0,0,0,0,0,0,0,0
"CHPd101",0.183098591549296,0.0314192849404117,0.0455037919826652,0.0108342361863489,0,0,0.0303358613217768,0.0303358613217768,0,0.0140845070422535,0,0.0715059588299025,0,0,0.413867822318527,0,0,0,0.0108342361863489,0,0,0.047670639219935,0,0.00866738894907909,0,0,0,0.0303358613217768,0,0,0,0,0.0249187432286024,0,0,0,0,0,0,0,0,0,0.0216684723726977,0.00650054171180932,0,0,0.0119176598049837,0,0,0,0,0.00650054171180932,0,0,0,0,0,0,0,0,0,0,0,0,0,0,0,0,0,0,0,0,0,0,0,0,0,0,0,0,0,0,0,0,0,0,0,0,0
"CHPd103",0.0027705947543406,0.471185814554858,0.0535648319172516,0.178611008496491,0.154599187292205,0.00129294421869228,0.0430365718507573,0.00535648319172516,0.0145917990395272,0.0149612116734392,0,0.0245659401551533,0,0,0.00240118212042852,0,0,0.0009235315847802,0.00055411895086812,0.004617657923901,0,0.00812707794606576,0,0.00683413372737348,0,0,0,0,0,0.00055411895086812,0,0,0,0.00480236424085704,0,0,0.00110823790173624,0.0018470631695604,0,0,0.0009235315847802,0,0,0,0,0,0.0027705947543406,0,0,0,0,0,0,0,0,0,0,0,0,0,0,0,0,0,0,0,0,0,0,0,0,0,0,0,0,0,0,0,0,0,0,0,0,0,0,0,0,0,0
"CHPd104",0.371743486973948,0.0135270541082164,0.349699398797595,0.030060120240481,0,0.0120240480961924,0.094689378757515,0.0120240480961924,0.00350701402805611,0.0450901803607214,0,0.0155310621242485,0.00651302605210421,0,0.0385771543086172,0,0,0,0,0,0,0,0,0,0,0,0,0,0,0.0030060120240481,0,0,0.00200400801603206,0.00200400801603206,0,0,0,0,0,0,0,0,0,0,0,0,0,0,0,0,0,0,0,0,0,0,0,0,0,0,0,0,0,0,0,0,0,0,0,0,0,0,0,0,0,0,0,0,0,0,0,0,0,0,0,0,0,0,0
"CHPd106",0.00489130434782609,0.179166666666667,0.285869565217391,0.16304347826087,0.0572463768115942,0.0130434782608696,0.058695652173913,0.0920289855072464,0.00108695652173913,0.0409420289855072,0.0346014492753623,0.0123188405797101,0.0088768115942029,0,0.0248188405797101,0.00126811594202899,0,0,0.00380434782608696,0,0,0,0,0.0052536231884058,0,0,0,0,0,0,0,0,0.00235507246376812,0,0,0,0,0.00543478260869565,0,0.00471014492753623,0.000543478260869565,0,0,0,0,0,0,0,0,0,0,0,0,0,0,0,0,0,0,0,0,0,0,0,0,0,0,0,0,0,0,0,0,0,0,0,0,0,0,0,0,0,0,0,0,0,0,0,0
"CHPd107",0.0050344462109168,0.105325914149444,0.380365659777424,0.178855325914149,0.0304716481187069,0.00211976682564918,0.0547164811870694,0.0545839957604663,0.00423953365129836,0.109300476947536,0.0148383677795443,0.0119236883942766,0,0,0.0213301536830949,0.00119236883942766,0,0.000794912559618442,0.00476947535771065,0.00132485426603074,0,0.00158982511923688,0,0.000662427133015368,0,0,0,0,0,0,0,0,0.00344462109167992,0.00278219395866455,0,0,0,0.00105988341282459,0,0.000927397986221516,0.000794912559618442,0,0,0,0,0,0,0,0,0.00211976682564918,0.000927397986221516,0.00105988341282459,0.00344462109167992,0,0,0,0,0,0,0,0,0,0,0,0,0,0,0,0,0,0,0,0,0,0,0,0,0,0,0,0,0,0,0,0,0,0,0,0
"CHPd108",0.0105300105300105,0.537908037908038,0.0666900666900667,0.0465075465075465,0.203931203931204,0,0.111442611442611,0.00649350649350649,0,0.00193050193050193,0,0.00298350298350298,0,0,0.00228150228150228,0.00210600210600211,0,0,0,0,0,0.00105300105300105,0,0.00122850122850123,0,0,0,0,0,0,0.00105300105300105,0,0,0,0,0,0,0.00193050193050193,0,0,0,0,0,0,0,0,0.000526500526500527,0,0,0,0,0,0.0014040014040014,0,0,0,0,0,0,0,0,0,0,0,0,0,0,0,0,0,0,0,0,0,0,0,0,0,0,0,0,0,0,0,0,0,0,0,0
"CHPd109",0.473749143248801,0.0294722412611378,0.109664153529815,0.0781357093899931,0.000822481151473612,0.00534612748457848,0.0493488690884167,0.0434544208361892,0.0021932830705963,0.0840301576422207,0.00274160383824537,0.0404386566141193,0.0047978067169294,0,0.0167237834132968,0.00452364633310487,0,0.00836189170664839,0.0149417409184373,0,0.00534612748457848,0,0,0,0,0,0,0.00370116518163125,0,0.00164496230294722,0.000685400959561343,0,0.00616860863605209,0,0,0,0,0.00178204249485949,0,0,0.00301576422206991,0,0,0,0,0,0,0,0,0.00575736806031528,0.000959561343385881,0,0,0.00191912268677176,0,0,0.000274160383824537,0,0,0,0,0,0,0,0,0,0,0,0,0,0,0,0,0,0,0,0,0,0,0,0,0,0,0,0,0,0,0,0
"CHPd110",0.185927723151577,0.00868343761971651,0.170220916868855,0.0803217979823777,0,0.00242625462903844,0.0376707955561231,0.249010343506576,0,0.196654322564168,0.00664027582684204,0.00153237134465585,0.00166006895671051,0,0.0160898991188865,0,0,0.00344783552547567,0.0126420635934108,0,0.00740646149916997,0,0,0.00166006895671051,0,0,0.00217085940492913,0,0,0.00127697612054655,0.00446941642191291,0,0.00153237134465585,0,0,0,0,0.000638488060273273,0,0,0,0,0,0,0,0,0,0,0,0.00127697612054655,0.00114927850849189,0,0.00191546418081982,0.00319244030136636,0,0,0,0.000383092836163964,0,0,0,0,0,0,0,0,0,0,0,0,0,0,0,0,0,0,0,0,0,0,0,0,0,0,0,0,0,0,0
"CHPd111",0.00236583239945212,0.335948200722201,0.0948823309675009,0.120781969866766,0.117295480014942,0.0038600423359482,0.182418129747229,0.0399701158012701,0.0263977088780974,0.0160627568173328,0.018304071722077,0.0173079317644129,0.00410907732536421,0,0,0.00261486738886814,0,0.000996139957664052,0,0,0,0,0,0.00149420993649608,0,0,0.00174324492591209,0.00211679741003611,0,0.0018677624206201,0,0,0,0.00112065745237206,0,0,0.00161872743120408,0,0,0.00149420993649608,0,0.00124517494708006,0,0.000996139957664052,0,0,0,0,0,0,0,0,0,0,0,0,0.0019922799153281,0,0,0,0,0,0,0,0,0,0,0,0.000996139957664052,0,0,0,0,0,0,0,0,0,0,0,0,0,0,0,0,0,0,0,0
"CHPd113",0.0316197673262404,0,0.254350203838123,0.152033409565477,0.00059659938351397,0.00169036491995625,0.0680123297205926,0.137018991747042,0.00457392860694044,0.237347121407975,0.0168042159689768,0.00357959630108382,0.000795465844685294,0,0.0161081833548772,0.000994332305856617,0,0.0119319876702794,0.0305260017897982,0.000894899075270956,0.00626429352689669,0,0,0,0,0,0.00268469722581287,0,0,0,0,0.00666202644923934,0.00507109475986875,0,0,0,0,0.00536939445162573,0,0,0.000696032614099632,0,0,0,0,0,0,0,0,0.00248583076464154,0.000497166152928309,0,0.00139206522819926,0,0,0,0,0,0,0,0,0,0,0,0,0,0,0,0,0,0,0,0,0,0,0,0,0,0,0,0,0,0,0,0,0,0,0,0
"CHPd114",0.139130434782609,0.00450885668276973,0.249919484702093,0.24122383252818,0,0.00418679549114332,0.0747181964573269,0.0959742351046699,0,0.0389694041867955,0.0209339774557166,0.019645732689211,0.00161030595813205,0,0.0640901771336554,0.00483091787439614,0,0,0.00418679549114332,0,0,0.00322061191626409,0,0.0035426731078905,0,0,0.00515297906602254,0.00322061191626409,0,0,0,0,0,0,0,0,0,0,0.00161030595813205,0,0,0.00322061191626409,0,0,0.00772946859903382,0,0,0.00225442834138486,0,0,0,0,0,0,0,0,0,0,0,0,0,0,0,0.00611916264090177,0,0,0,0,0,0,0,0,0,0,0,0,0,0,0,0,0,0,0,0,0,0,0,0,0
"CHPd115",0.204858162051979,0.00152879225411925,0.232886020044165,0.0935960591133005,0.00237812128418549,0.00492610837438424,0.0995413623237642,0.219636487175132,0.0016986580601325,0.01358926448106,0.0298963818583319,0.011550874808901,0.00271785289621199,0,0,0.00407677934431799,0,0.00203838967215899,0,0.00322745031425174,0,0.00237812128418549,0,0.00322745031425174,0,0,0,0.00186852386614574,0,0,0,0.0112111431968745,0,0,0.0302361134703584,0,0,0,0,0.0107015457788347,0,0,0.000679463224052998,0,0,0.0010191948360795,0.00390691353830474,0,0,0,0.00118906064209275,0,0,0,0,0,0,0,0,0.00543570579242398,0,0,0,0,0,0,0,0,0,0,0,0,0,0,0,0,0,0,0,0,0,0,0,0,0,0,0,0,0
"CHPd116",0.00584835090105406,0.425433526011561,0.108262495749745,0.158109486569194,0.119415164909895,0.00496429785787147,0.0750765045902754,0.0131247874872492,0.000612036722203332,0.0282896973818429,0.000884053043182591,0.0046242774566474,0.00238014280856851,0,0.0102006120367222,0.00102006120367222,0,0,0.00244814688881333,0,0,0,0,0.00448826929615777,0,0.0183611016661,0,0,0,0.000680040802448147,0.000340020401224073,0.00340020401224073,0.00122407344440666,0,0,0,0,0.000340020401224073,0,0.000884053043182591,0,0,0,0.00244814688881333,0,0,0.00401224073444407,0,0,0,0,0,0,0,0,0,0.00115606936416185,0,0,0,0,0,0,0,0,0,0,0,0,0,0,0,0,0,0.000952057123427406,0,0,0,0.00102006120367222,0,0,0,0,0,0,0,0,0,0
"CHPd118",0.0833162743091095,0.00429887410440123,0.206141248720573,0.21842374616172,0.00798362333674514,0.00429887410440123,0.0626407369498465,0.127737973387922,0.166427840327533,0.0452405322415558,0.0151484135107472,0.00204708290685773,0.00122824974411464,0.00204708290685773,0.00593654042988741,0.00307062436028659,0,0.00388945752302968,0.00184237461617195,0,0,0.00204708290685773,0,0,0,0,0.00573183213920164,0.00716479017400205,0,0,0,0,0,0,0,0,0,0.00266120777891505,0.00163766632548618,0,0,0.00859774820880246,0,0,0,0,0,0.00491299897645855,0,0,0,0,0,0,0,0,0,0,0,0.00143295803480041,0,0,0,0,0,0,0,0,0,0.00409416581371546,0,0,0,0,0,0,0,0,0,0,0,0,0,0,0,0,0,0,0
"CHPd119",0.0041031652989449,0.642438452520516,0.00439624853458382,0.0180246189917937,0.212631887456038,0.00146541617819461,0.0520222743259086,0.00600820633059789,0.00190504103165299,0.0253516998827667,0,0.00219812426729191,0.00263774912075029,0,0.00175849941383353,0,0,0.000879249706916764,0,0.00278429073856975,0,0.00293083235638921,0,0.00205158264947245,0,0,0.00117233294255569,0.00263774912075029,0,0.00146541617819461,0,0,0.00146541617819461,0.00146541617819461,0,0,0.00205158264947245,0,0.000586166471277843,0,0.00146541617819461,0,0,0.00117233294255569,0,0,0,0.000732708089097304,0,0,0,0,0,0,0,0,0,0,0,0,0,0,0,0,0,0,0,0,0,0,0,0,0.00219812426729191,0,0,0,0,0,0,0,0,0,0,0,0,0,0,0,0
"CHPd120",0.0780058651026393,0.0158357771260997,0.198826979472141,0.183577712609971,0,0.00527859237536657,0.255131964809384,0.126686217008798,0.024633431085044,0.0217008797653959,0.0269794721407625,0.00234604105571848,0.00703812316715543,0,0.00293255131964809,0,0,0,0,0,0,0.00469208211143695,0,0,0,0,0,0.00527859237536657,0,0,0,0,0.00293255131964809,0.00645161290322581,0,0,0,0,0,0,0,0,0.00410557184750733,0,0.0275659824046921,0,0,0,0,0,0,0,0,0,0,0,0,0,0,0,0,0,0,0,0,0,0,0,0,0,0,0,0,0,0,0,0,0,0,0,0,0,0,0,0,0,0,0,0
"CHPd121",0.282536283606947,0.0136807042588627,0.0518677135379491,0.0823221508446348,0.00178443968593862,0.00404472995479419,0.448132286462051,0.0479419462288841,0,0.0161789198191768,0.00571020699500357,0.0317630264097074,0.00118962645729241,0,0.0026171782060433,0,0,0,0.00178443968593862,0,0,0.00154651439448013,0,0,0,0,0,0.00237925291458482,0,0,0,0,0.000356887937187723,0,0.00130858910302165,0,0,0,0,0,0.00166547704020937,0,0.00118962645729241,0,0,0,0,0,0,0,0,0,0,0,0,0,0,0,0,0,0,0,0,0,0,0,0,0,0,0,0,0,0,0,0,0,0,0,0,0,0,0,0,0,0,0,0,0,0
"CHPd122",0.36016532178705,0.012005510726235,0.088762054713639,0.155284392836056,0.00177130486124779,0,0.142688447156072,0.0704585711474119,0.0978153906711277,0.0145640621924818,0.00964377091123795,0.0328675457587089,0.00354260972249557,0,0,0.00177130486124779,0,0,0.00137768155874828,0,0,0.00216492816374729,0,0,0,0,0,0,0,0,0,0,0,0.00177130486124779,0,0,0,0.000787246604999016,0,0,0,0.00098405825624877,0,0.000787246604999016,0,0,0,0,0.000787246604999016,0,0,0,0,0,0,0,0,0,0,0,0,0,0,0,0,0,0,0,0,0,0,0,0,0,0,0,0,0,0,0,0,0,0,0,0,0,0,0,0
"CHPd124",0,0.391425908667288,0.105001553277415,0.0981671326498913,0.0916433675054365,0.00683442062752408,0.023609816713265,0.0757999378689034,0.0649269959614787,0.0192606399502951,0.0142901522211867,0.0347934141037589,0.0149114631873253,0,0.014600807704256,0,0,0,0,0,0,0.00248524386455421,0,0.0173967070518795,0,0,0,0.00465983224603914,0,0.00559179869524697,0,0,0.00497048772910842,0,0,0,0.00465983224603914,0,0,0.00248524386455421,0,0,0,0,0,0,0,0,0,0,0,0,0,0,0,0,0,0.00248524386455421,0,0,0,0,0,0,0,0,0,0,0,0,0,0,0,0,0,0,0,0,0,0,0,0,0,0,0,0,0,0,0
"CHPd125",0.0883959044368601,0,0.215699658703072,0.15938566552901,0,0.0037542662116041,0.294539249146758,0.132764505119454,0,0.00477815699658703,0.0331058020477816,0.0160409556313993,0,0,0.0174061433447099,0.0068259385665529,0,0,0,0,0,0.0037542662116041,0,0.00273037542662116,0,0,0,0.00238907849829352,0,0.00307167235494881,0,0,0.00477815699658703,0.00307167235494881,0,0,0,0,0,0,0,0,0,0,0,0,0,0,0,0,0.00273037542662116,0,0.00409556313993174,0,0,0,0.00068259385665529,0,0,0,0,0,0,0,0,0,0,0,0,0,0,0,0,0,0,0,0,0,0,0,0,0,0,0,0,0,0,0,0
"CHPd126",0,0.479984750285932,0.0162028211971026,0.0242089210827297,0.174609226077011,0.00228745711017918,0.200343118566527,0.0131528783835303,0,0.061761341974838,0.00343118566526878,0.00914982844071674,0.00133434998093786,0,0,0,0,0,0,0,0,0.00400304994281357,0,0.00324056423942051,0,0,0,0,0,0.00171559283263439,0,0,0.00152497140678612,0,0,0,0.000953107129241327,0,0,0,0,0,0,0,0,0,0,0,0,0,0,0,0,0,0,0,0,0,0,0,0,0,0,0,0,0,0,0,0,0,0,0,0,0,0,0,0,0,0,0,0,0,0,0,0,0.00209683568433092,0,0,0
"CHPd127",0.376722817764165,0.0631699846860643,0.0593415007656968,0.0715926493108729,0,0.0187595712098009,0.156967840735069,0.0398162327718224,0.0773353751914242,0.0176110260336907,0,0.0290964777947933,0.00995405819295559,0.00650842266462481,0.00612557427258806,0,0,0,0,0,0,0.026416539050536,0,0,0,0,0.00995405819295559,0.00957120980091884,0,0,0,0,0.0057427258805513,0,0,0,0,0,0,0.0057427258805513,0,0,0,0.00421133231240429,0,0,0,0,0,0,0,0,0,0,0,0,0.00535987748851455,0,0,0,0,0,0,0,0,0,0,0,0,0,0,0,0,0,0,0,0,0,0,0,0,0,0,0,0,0,0,0,0
"CHPd128",0,0.237987563595252,0.139061616732617,0.258564160542679,0.0670435274166196,0.0038439796495195,0.160203504804975,0.0276992651215376,0.00814019219898248,0.0224985867721877,0.0304126625211984,0.017071791972866,0.0031656302996043,0,0.00192198982475975,0.000678349349915206,0,0.00497456189937818,0.00395703787450537,0.00101752402487281,0.00531373657433578,0,0,0,0,0,0,0.000904465799886942,0,0.00124364047484455,0.000565291124929339,0,0.000904465799886942,0.000339174674957603,0,0,0,0.000339174674957603,0,0,0.000565291124929339,0,0,0,0,0,0,0,0,0.000904465799886942,0,0.000678349349915206,0,0,0,0,0,0,0,0,0,0,0,0,0,0,0,0,0,0,0,0,0,0,0,0,0,0,0,0,0,0,0,0,0,0,0,0,0
"CHPd130",0.00494709358252027,0.115707022124502,0.157619898309743,0.185241170812148,0.0408135220557922,0.00137419266181119,0.151848289130136,0.0410883605881545,0.0867115569602858,0.0755805963996152,0.0469973890339426,0.00233612752507902,0.00206128899271678,0,0.0021987082588979,0.00096193486326783,0,0.0351793321423664,0.0200632128624433,0.00164903119417342,0.0141541844166552,0,0,0,0,0,0.000687096330905593,0.000274838532362237,0,0,0.000412257798543356,0,0.0015116119279923,0.00164903119417342,0,0,0,0.00288580458980349,0.000412257798543356,0,0,0,0,0,0,0,0.00123677339563007,0,0.00123677339563007,0.00178645046035454,0.00137419266181119,0,0,0,0,0,0,0,0,0,0,0,0,0,0,0,0,0,0,0,0,0,0,0,0,0,0,0,0,0,0,0,0,0,0,0,0,0,0
"CHPd131",0.109836966477377,0.00853636197105697,0.130793185565122,0.13211210844477,0.00135555962630518,0.00421322586554314,0.460780362703792,0.0477743176405935,0.0227147829272761,0.034108811137571,0.0103681993039018,0.00359040117237589,0.00373694815900348,0,0.00428649935885693,0.000769371679794834,0,0.00806008426451731,0.00289430298589485,0,0.00399340538560176,0,0,0.000915918666422422,0,0.00135555962630518,0.000769371679794834,0,0,0.00179520058618795,0.000769371679794834,0,0.00058618794651035,0,0,0,0,0.000622824693167247,0,0,0,0,0,0,0,0,0,0,0,0,0,0,0,0,0,0,0,0.000659461439824144,0,0,0,0,0.000952555413079319,0.000879281919765525,0,0,0,0,0.000256457226598278,0,0,0,0,0,0,0,0,0,0,0,0.000512914453196556,0,0,0,0,0,0,0,0
"CHPd132",0.245119610505126,0.0117035719301531,0.088993960956884,0.175600393240017,0.00697532887037124,0.0151210149337578,0.304573755910304,0.0598286597069426,0.00285567155095735,0.0283694583586911,0.0124057862459623,0.0162445578390525,0.0118440147933149,0,0.00697532887037124,0,0,0.00210664294742755,0.00079584289125041,0,0.00079584289125041,0.000280885726323674,0,0.00280885726323674,0,0,0.000234071438603062,0.00102991432985347,0,0.000749028603529797,0.00163850007022143,0,0,0,0,0,0,0,0.000374514301764899,0,0.000655400028088573,0,0.000327700014044286,0,0,0,0.000514957164926736,0,0,0,0.000468142877206123,0,0,0,0,0,0,0.00060858574036796,0,0,0,0,0,0,0,0,0,0,0,0,0,0,0,0,0,0,0,0,0,0,0,0,0,0,0,0,0,0,0
"CHPd133",0.00239838424640242,0.176596818985105,0.139358747790962,0.22191365816713,0.0667760666498359,0,0.165614743751578,0.085710679121434,0.00151476899772785,0.0358495329462257,0.0432971471850543,0.00315576874526635,0.0016409997475385,0,0.00403938399394092,0,0,0.0130017672304973,0.00504922999242615,0,0.0082049987376925,0.00340823024488765,0.00454430699318354,0.0016409997475385,0,0,0,0.000883615248674577,0,0,0.00252461499621308,0,0.00239838424640242,0,0,0,0,0,0.0016409997475385,0,0.00100984599848523,0,0,0,0,0,0.00189346124715981,0,0,0.000631153749053269,0,0.00151476899772785,0,0,0,0,0,0.00176723049734915,0,0,0,0,0,0,0,0,0,0,0,0,0,0,0,0,0,0.00201969199697046,0,0,0,0,0,0,0,0,0,0,0,0,0
"CHPd136",0.185583432895261,0.00557546794105934,0.174697995486526,0.167131288995088,0.00464622328421612,0.00743395725474578,0.110049117217576,0.062259392008496,0.0665073675826364,0.0126111774857295,0.106066640116819,0.0473914774990044,0.0128766759591132,0,0.00159299084030267,0,0,0.00716845878136201,0,0.001194743130227,0,0,0,0,0,0,0.00252223549714589,0.00464622328421612,0,0.00159299084030267,0,0,0.00199123855037834,0,0,0,0,0,0,0.00902694809504845,0,0,0.00252223549714589,0,0,0,0,0,0,0,0,0,0,0,0,0,0,0.00199123855037834,0,0,0.002389486260454,0,0,0,0,0,0,0,0.000530996946767556,0,0,0,0,0,0,0,0,0,0,0,0,0,0,0,0,0,0,0,0
"CHPd142",0.142502387774594,0.00191021967526266,0.268194842406877,0.206685768863419,0.00229226361031519,0,0.0962750716332378,0.0324737344794651,0.00248328557784145,0.0399235912129895,0.0229226361031519,0.0139446036294174,0.00687679083094556,0,0.00592168099331423,0.00286532951289398,0,0,0,0.130085959885387,0,0.00286532951289398,0,0,0,0,0,0.00248328557784145,0,0,0.00439350525310411,0,0,0,0,0,0,0.00152817574021012,0,0,0.00439350525310411,0,0,0,0,0,0,0,0.00362941738299905,0,0.00191021967526266,0,0,0,0,0,0,0,0,0,0,0,0,0,0,0,0,0,0,0,0,0,0.00343839541547278,0,0,0,0,0,0,0,0,0,0,0,0,0,0,0,0
"CHPd143",0.00255536626916525,0.0651618398637138,0.258411413969336,0.269271720613288,0.0202299829642249,0.0053236797274276,0.0552597955706985,0.0599446337308348,0.136179727427598,0.0276831345826235,0.0709114139693356,0.00990204429301533,0.00212947189097104,0,0.00543015332197615,0,0,0,0.000851788756388416,0,0,0.000638841567291312,0,0,0,0,0,0,0,0.00149063032367973,0,0,0.00649488926746167,0.000638841567291312,0,0,0,0,0,0.00106473594548552,0,0,0,0,0,0,0,0,0,0,0,0,0,0,0,0,0.000425894378194208,0,0,0,0,0,0,0,0,0,0,0,0,0,0,0,0,0,0,0,0,0,0,0,0,0,0,0,0,0,0,0,0
"CHPd144",0.000658327847267939,0.0458948556381078,0.0392175303301044,0.536443148688047,0.0172105708642904,0.00291545189504373,0.285714285714286,0.00959277720304712,0.0287783316091414,0.0182450860528543,0.00131665569453588,0.00159879620050785,0.000940468353239914,0,0.0010345151885639,0.0010345151885639,0,0,0,0.000470234176619957,0,0,0,0.00150474936518386,0,0,0,0,0,0,0,0,0.000282140505971974,0.000564281011943948,0,0,0,0.0054547164487915,0,0.0011285620238879,0,0,0,0,0,0,0,0,0,0,0,0,0,0,0,0,0,0,0,0,0,0,0,0,0,0,0,0,0,0,0,0,0,0,0,0,0,0,0,0,0,0,0,0,0,0,0,0,0
"CHPd145",0.381132624836221,0.0181976998107439,0.162614645508808,0.17906536613772,0,0,0.130149949046441,0.00742466152278352,0.0414907555684961,0.0276605037123308,0.00596884553792401,0.00291163196971903,0,0.00189256078031737,0.00349395836366283,0.00334837676517688,0,0.00276605037123308,0,0,0,0,0,0.00160139758334547,0,0,0,0,0,0,0.00422186635609259,0,0.00160139758334547,0.00131023438637356,0,0,0,0.0103362934925025,0,0,0,0,0.00160139758334547,0.00247488717426117,0,0,0,0,0,0,0.00218372397728927,0,0,0,0,0.00291163196971903,0.00262046877274712,0,0,0,0,0.00101907118940166,0,0,0,0,0,0,0,0,0,0,0,0,0,0,0,0,0,0,0,0,0,0,0,0,0,0,0
"CHPd150",0.247031868360758,0.00583211830868569,0.0599875026036242,0.220787335971673,0,0.0849822953551344,0.164132472401583,0.0299937513018121,0.0258279525098938,0.0229118933555509,0.0106227869193918,0.0139554259529265,0.0281191418454489,0,0,0.00249947927515101,0,0.00437408873151427,0.00437408873151427,0.0122891064361591,0,0.00541553842949386,0,0.00249947927515101,0,0,0.00458237867111019,0,0,0,0.00374921891272652,0,0,0,0,0.0389502187044366,0.00312434909393876,0,0,0.00395750885232243,0,0,0,0,0,0,0,0,0,0,0,0,0,0,0,0,0,0,0,0,0,0,0,0,0,0,0,0,0,0,0,0,0,0,0,0,0,0,0,0,0,0,0,0,0,0,0,0,0
"CHPd151",0.285314685314685,0.0324009324009324,0.174592074592075,0.151282051282051,0.00372960372960373,0.00512820512820513,0.228671328671329,0.00769230769230769,0.0377622377622378,0.0181818181818182,0.0151515151515152,0.027972027972028,0.0013986013986014,0,0.00769230769230769,0,0,0,0,0,0,0,0,0,0,0,0,0,0,0,0.0013986013986014,0,0,0,0,0,0,0,0,0,0,0,0,0,0,0,0,0,0.00163170163170163,0,0,0,0,0,0,0,0,0,0,0,0,0,0,0,0,0,0,0,0,0,0,0,0,0,0,0,0,0,0,0,0,0,0,0,0,0,0,0,0
"CHPd152",0.0110365721705259,0.208396450984635,0.359446007357715,0.167063406189137,0.0621077688811945,0.0149318329365938,0.0969487123999134,0.0114693789223112,0,0.0136334126812378,0.0201255139580177,0,0.000865613503570656,0,0.00173122700714131,0,0,0,0.00865613503570656,0,0,0.0106037654187405,0,0,0,0.00216403375892664,0,0.00129842025535598,0,0,0,0,0,0,0,0,0,0.00281324388660463,0,0,0.00367885739017529,0,0,0,0,0,0,0,0,0,0.0030296472624973,0,0,0,0,0,0,0,0,0,0,0,0,0,0,0,0,0,0,0,0,0,0,0,0,0,0,0,0,0,0,0,0,0,0,0,0,0,0
"CHPd153",0.00115247205255273,0.212861588106488,0.165494986746571,0.22818946640544,0.0852829318889017,0.00368791056816872,0.161000345741616,0.0104874956782298,0,0.0333064423187738,0.0121009565518036,0.00806730436786908,0.017748069609312,0,0.0109484844992509,0.00691483231531635,0,0.00437939379970036,0,0,0,0.00115247205255273,0,0,0,0,0,0.00242019131036072,0,0,0.0111789789097614,0,0.00195920248933963,0.00207444969459491,0,0,0,0.00806730436786908,0.00633859628903999,0,0,0,0.001267719257808,0,0,0,0,0,0,0,0,0,0,0,0,0,0,0,0,0,0,0,0,0,0.002535438515616,0,0,0,0,0,0,0,0,0,0,0,0,0,0,0,0,0,0.00138296646306327,0,0,0,0,0,0
"CHPd155",0,0.0708845333604143,0.0737280389966487,0.054432822179344,0.0263024271351681,0.569818218746826,0.0253884431806642,0,0,0.0202092007718087,0.00335127449984767,0.00253884431806642,0.134152533766629,0,0.00253884431806642,0.00111709149994922,0,0.00203107545445313,0.00345282827257033,0,0.00243729054534376,0,0,0,0,0,0.000812430181781253,0,0,0,0.000507768863613283,0,0.00213262922717579,0.00172641413628516,0,0,0.000710876409058596,0.000203107545445313,0,0,0,0,0,0,0,0,0,0,0.00111709149994922,0.000406215090890627,0,0,0,0,0,0,0,0,0,0,0,0,0,0,0,0,0,0,0,0,0,0,0,0,0,0,0,0,0,0,0,0,0,0,0,0,0,0,0
"CHPd156",0.0717388156942232,0.00332995511799624,0.220862892717533,0.28478355291733,0.00130302591573766,0.00528449399160272,0.254379614883452,0.0342406254524396,0.0352540900535688,0.0500941074272477,0.0100622556826408,0.00557405530621109,0.00188214854495439,0,0.0138989431012017,0.00202692920225858,0,0,0,0,0,0,0,0.0036195164326046,0,0,0,0,0,0,0.000796293615173013,0,0,0.000868683943825105,0,0,0,0,0,0,0,0,0,0,0,0,0,0,0,0,0,0,0,0,0,0,0,0,0,0,0,0,0,0,0,0,0,0,0,0,0,0,0,0,0,0,0,0,0,0,0,0,0,0,0,0,0,0,0
"CHPd157",0.00128186867967526,0.153966671414328,0.146987608602763,0.360774818401937,0.0528414755732802,0.00227887765275602,0.125765560461473,0.00797607178464606,0.00185158809286426,0.106964819826236,0.0108246688505911,0.0115368181170773,0.00213644779945877,0,0.00598205383848455,0,0,0,0,0,0,0,0,0.00227887765275602,0,0,0.000427289559891753,0,0,0,0.00327588662583678,0,0.00156672838626976,0,0,0,0,0,0,0,0,0,0.00128186867967526,0,0,0,0,0,0,0,0,0,0,0,0,0,0,0,0,0,0,0,0,0,0,0,0,0,0,0,0,0,0,0,0,0,0,0,0,0,0,0,0,0,0,0,0,0,0
"CHPd158",0,0.0825099317510441,0.0604054191708261,0.628909035346847,0.0322909239075074,0.0124274218192931,0.124681674646022,0.0135479270652949,0.00550066211673627,0.0106957318936539,0.00346337985127839,0.00112050524600183,0.00234287460527656,0,0.00101864113272894,0.00132423347254762,0,0.00122236935927473,0,0,0,0,0,0.00356524396455129,0,0,0.00122236935927473,0,0,0.00122236935927473,0,0,0,0,0,0,0,0,0,0.00193541815218499,0,0,0,0,0.00825099317510441,0,0.00234287460527656,0,0,0,0,0,0,0,0,0,0,0,0,0,0,0,0,0,0,0,0,0,0,0,0,0,0,0,0,0,0,0,0,0,0,0,0,0,0,0,0,0,0
"CHPd159",0.179499001075765,0.00261257107730137,0.0513293376363916,0.159981558321807,0,0,0.466420777624097,0.00753035192869218,0,0.0196711234055632,0.00215152912248348,0.0295066851083449,0.00169048716766559,0,0.00291993238051329,0.00169048716766559,0,0,0,0.00261257107730137,0,0.00568618410942062,0,0.0024588904256954,0,0,0.0519440602428154,0,0,0,0,0,0,0.000922083909635777,0,0,0.00353465498693714,0,0.0012294452128477,0,0,0,0.00199784847087752,0,0,0,0,0,0,0,0,0,0,0,0,0,0.00184416781927155,0,0.00215152912248348,0,0,0,0,0,0,0,0.000614722606423851,0,0,0,0,0,0,0,0,0,0,0,0,0,0,0,0,0,0,0,0,0,0
"CHPd160",0.216707616707617,0.0167076167076167,0.0737100737100737,0.0842751842751843,0,0.0111793611793612,0.201842751842752,0.0164619164619165,0.274447174447174,0.0243243243243243,0.0125307125307125,0.0321867321867322,0,0,0.00614250614250614,0,0,0,0.00245700245700246,0,0,0.00749385749385749,0,0.00233415233415233,0,0,0,0,0,0,0.00110565110565111,0,0,0,0,0,0,0,0,0,0,0,0,0,0,0.00823095823095823,0,0.00786240786240786,0,0,0,0,0,0,0,0,0,0,0,0,0,0,0,0,0,0,0,0,0,0,0,0,0,0,0,0,0,0,0,0,0,0,0,0,0,0,0,0,0
"CHPd161",0.269910133250697,0.0158041524635885,0.113108149984506,0.160520607375271,0,0.0096064456151224,0.312984195847536,0,0,0.0170436938332817,0,0.0486519987604586,0,0,0,0,0,0,0,0.00526805082119616,0,0.0309885342423303,0,0,0,0,0,0,0,0,0,0,0,0,0,0,0,0,0,0,0,0,0.00154942671211652,0.00991633095754571,0,0,0,0.00464828013634955,0,0,0,0,0,0,0,0,0,0,0,0,0,0,0,0,0,0,0,0,0,0,0,0,0,0,0,0,0,0,0,0,0,0,0,0,0,0,0,0,0
"CHPd15",0.136456211812627,0.0123896809232858,0.0280889341479973,0.75704344874406,0,0.00127291242362525,0.0173964697895451,0.0010183299389002,0.031653088934148,0.00644942294636796,0,0.00288526816021724,0.000594025797691785,0,0,0,0,0.000424304141208418,0,0,0,0,0,0.00169721656483367,0,0,0.00135777325186694,0,0,0.00127291242362525,0,0,0,0,0,0,0,0,0,0,0,0,0,0,0,0,0,0,0,0,0,0,0,0,0,0,0,0,0,0,0,0,0,0,0,0,0,0,0,0,0,0,0,0,0,0,0,0,0,0,0,0,0,0,0,0,0,0,0
"CHPd18",0.00418910831837223,0.0921603830041891,0.0484739676840215,0.368043087971275,0.0451825254338719,0.00658288450029922,0.403052064631957,0,0,0.00718132854578097,0,0.0104727707959306,0,0,0.00748055056852184,0,0,0,0.000897666068222621,0,0,0,0,0,0,0.00209455415918612,0,0,0,0,0,0.00418910831837223,0,0,0,0,0,0,0,0,0,0,0,0,0,0,0,0,0,0,0,0,0,0,0,0,0,0,0,0,0,0,0,0,0,0,0,0,0,0,0,0,0,0,0,0,0,0,0,0,0,0,0,0,0,0,0,0,0
"CHPd24",0.265299877600979,0.00550795593635251,0.164014687882497,0.203182374541004,0,0.00152998776009792,0.266829865361077,0.0134638922888617,0.0284577723378213,0,0,0.0403916768665851,0.00642594859241126,0,0,0,0,0,0,0,0,0.00244798041615667,0,0,0,0,0,0,0,0,0,0,0.00152998776009792,0,0,0,0,0,0,0,0,0,0,0,0,0.000917992656058752,0,0,0,0,0,0,0,0,0,0,0,0,0,0,0,0,0,0,0,0,0,0,0,0,0,0,0,0,0,0,0,0,0,0,0,0,0,0,0,0,0,0,0
"CHPd31",0.0173812282734647,0.00506952491309386,0.300912514484357,0.184241019698725,0.00101390498261877,0.000724217844727694,0.36348493626883,0.0628621089223639,0.012239281575898,0.0220162224797219,0,0.00144843568945539,0,0.000724217844727694,0.00716975666280417,0,0,0,0.000724217844727694,0,0,0.000651796060254925,0,0.00144843568945539,0,0,0.00238991888760139,0,0,0,0.000869061413673233,0.00115874855156431,0.00362108922363847,0,0,0,0,0.00159327925840093,0.00123117033603708,0,0,0.000796639629200463,0,0.00202780996523754,0,0,0,0,0,0,0,0,0,0,0,0.00267960602549247,0,0,0,0,0,0,0,0,0,0,0,0,0,0,0,0,0,0,0,0,0,0,0,0,0,0,0,0,0.000796639629200463,0,0.000724217844727694,0,0
"CHPd46",0.0190638782188078,0.00184948072272016,0.162754303599374,0.558400910513587,0.00199174847062171,0,0.133447147531655,0.032294778773652,0.0401195049082373,0.0160762555128752,0,0,0.000426803243704652,0,0.00853606487409304,0.000995874235310855,0,0,0,0,0,0,0,0,0,0,0,0.00312989045383412,0,0,0.00227628396642481,0,0.00426803243704652,0.00341442594963722,0,0,0,0,0,0.00640204865556978,0,0,0.00412576468914497,0,0,0,0,0,0,0,0,0,0,0,0,0,0,0,0,0,0,0,0,0,0,0,0,0,0,0,0,0,0,0.000426803243704652,0,0,0,0,0,0,0,0,0,0,0,0,0,0,0
"CHPd48",0.0793321083326676,0.00143804425980666,0.0382679555804106,0.768235200127826,0,0.000958696173204442,0.0464967644004154,0.0101462011664137,0.0307581688903092,0.00327554525844851,0,0.0107054406007829,0,0,0.00431413277941999,0.000878804825437405,0,0.000878804825437405,0.000479348086602221,0,0,0,0,0.000719022129903332,0,0,0,0.000559239434369258,0,0.000559239434369258,0,0,0,0.00111847886873852,0,0,0.000878804825437405,0,0,0,0,0,0,0,0,0,0,0,0,0,0,0,0,0,0,0,0,0,0,0,0,0,0,0,0,0,0,0,0,0,0,0,0,0,0,0,0,0,0,0,0,0,0,0,0,0,0,0,0
"CHPd74",0.622047244094488,0.0131233595800525,0.0230971128608924,0.00997375328083989,0.0131233595800525,0.0215223097112861,0.170603674540682,0,0,0.0152230971128609,0,0.0047244094488189,0.020997375328084,0,0,0,0,0,0,0.0194225721784777,0,0.0089238845144357,0,0.005249343832021,0,0,0,0.0062992125984252,0,0,0,0.005249343832021,0,0.0026246719160105,0.0036745406824147,0,0,0,0,0.005249343832021,0,0,0.0010498687664042,0.0026246719160105,0,0,0.0236220472440945,0,0,0,0,0,0,0,0,0,0,0,0,0,0,0,0,0,0,0,0,0,0,0,0,0,0,0,0,0,0.0015748031496063,0,0,0,0,0,0,0,0,0,0,0,0
"CHPd105",0.00382128159905938,0.558397021359984,0.0601606897903194,0.0134234763864393,0.168430335097002,0.0045071526553008,0.0981775426219871,0.00862237899274936,0,0.0508524397413286,0,0.0168528316676465,0,0,0.00274348422496571,0.000881834215167548,0,0.00186165000979816,0.000881834215167548,0,0,0.00127376053301979,0,0,0,0,0,0,0,0.000391926317852244,0,0,0,0.00146972369194591,0,0,0,0.00107779737409367,0,0,0,0.00391926317852244,0,0,0,0,0,0,0,0,0,0,0,0,0,0,0,0,0,0,0,0,0,0,0,0,0.00195963158926122,0,0.000293944738389183,0,0,0,0,0,0,0,0,0,0,0,0,0,0,0,0,0,0,0,0
"CHPd135",0.27374739039666,0.0153966597077244,0.280010438413361,0.165970772442589,0.00365344467640919,0.00678496868475992,0.090553235908142,0.0561064718162839,0,0.0224425887265136,0.0336638830897704,0.0200939457202505,0.00208768267223382,0,0.00626304801670146,0,0,0.00965553235908142,0,0,0,0,0,0,0,0,0.0075678496868476,0,0,0,0.00208768267223382,0,0,0,0,0,0,0.00208768267223382,0,0,0,0,0,0,0,0,0,0,0,0,0,0,0,0,0,0,0.00182672233820459,0,0,0,0,0,0,0,0,0,0,0,0,0,0,0,0,0,0,0,0,0,0,0,0,0,0,0,0,0,0,0,0
"CHPd137",0,0.134519081333103,0.203419098601278,0.224486271801071,0.0486962528060784,0.00707995164911069,0.161975479191849,0.083577965809014,0.0184769469867035,0.0329822137800035,0.0588844759108962,0,0,0,0.00362631669832499,0.00103609048523571,0,0.00224486271801071,0,0,0.00759799689172854,0.0034536349507857,0,0.00293558970816785,0,0,0.00155413572785357,0.001208772232775,0,0,0,0,0.00224486271801071,0,0,0,0,0,0,0,0,0,0,0,0,0,0,0,0,0,0,0,0,0,0,0,0,0,0,0,0,0,0,0,0,0,0,0,0,0,0,0,0,0,0,0,0,0,0,0,0,0,0,0,0,0,0,0,0
"CHPd138",0.00147968792036589,0.480091471616895,0.0239440408931934,0.00484261501210654,0.18348130212537,0,0.214554748453054,0.0283831046542911,0,0.0332257196663976,0,0.00511164917944579,0.00591875168146355,0,0,0,0,0,0,0.00295937584073177,0,0.00417002959375841,0,0.000807102502017756,0,0,0,0,0,0.00134517083669626,0,0,0.00188323917137476,0,0,0,0,0.00107613666935701,0,0,0.00174872208770514,0,0,0.00497713209577616,0,0,0,0,0,0,0,0,0,0,0,0,0,0,0,0,0,0,0,0,0,0,0,0,0,0,0,0,0,0,0,0,0,0,0,0,0,0,0,0,0,0,0,0,0
"CHPd140",0.119388011035867,0.0072736393278154,0.388011035866566,0.0742412841735641,0.0055179332831703,0.0137948332079258,0.0739904690243291,0.0642086782041635,0.0589415600702282,0.0589415600702282,0,0.0298470027589666,0.00928016052169551,0,0.0112866817155756,0,0,0.00100326059694006,0.00526711813393529,0,0,0.0072736393278154,0,0.00250815149235014,0,0,0.00802608477552044,0,0,0.00627037873087534,0.00702282417858039,0.00125407574617507,0.00150489089541008,0.00150489089541008,0,0,0,0.00627037873087534,0,0,0,0.00677200902934537,0.00150489089541008,0.00351141208929019,0,0,0,0,0.00250815149235014,0,0,0,0,0,0,0.0120391271632807,0,0,0,0,0,0,0,0.00326059694005518,0,0,0,0,0,0.00250815149235014,0,0,0,0.00275896664158515,0,0,0,0,0,0,0,0,0,0,0,0,0,0.00250815149235014,0
"CHPd141",0.129016001007938,0.00340178908907648,0.214690689177271,0.204485321910042,0,0.00302381252362354,0.133803704170341,0.0689177271009197,0.116794758724959,0.0309940783671412,0.00239385158120197,0.0115912813405569,0.00188988282726471,0,0.0435932972155726,0.00251984376968628,0,0,0,0.00151190626181177,0,0.00125992188484314,0,0.00289782033513922,0,0,0,0.00163789845029608,0,0,0,0.00264583595817059,0,0,0.00264583595817059,0,0,0,0,0.0160010079375079,0.00188988282726471,0,0,0,0,0,0,0.00100793750787451,0,0,0,0,0,0,0.00138591407332745,0,0,0,0,0,0,0,0,0,0,0,0,0,0,0,0,0,0,0,0,0,0,0,0,0,0,0,0,0,0,0,0,0,0
"CHPd146",0.100669476816266,0.00396727002231589,0.0428961071162906,0.469129680138854,0.00297545251673692,0.00917431192660551,0.320109099925614,0.00719067691544756,0,0.00247954376394743,0.00297545251673692,0.0074386312918423,0.00793454004463179,0,0,0,0,0,0,0,0,0.000495908752789487,0,0,0,0,0.018348623853211,0,0,0,0,0,0,0.000991817505578974,0,0,0.00148772625836846,0,0,0,0,0,0,0,0,0,0,0,0,0,0,0.0017356806347632,0,0,0,0,0,0,0,0,0,0,0,0,0,0,0,0,0,0,0,0,0,0,0,0,0,0,0,0,0,0,0,0,0,0,0,0,0
"CHPd147",0,0.339291852870402,0.117566173942936,0.135785493296666,0.0900653145410794,0.0127191474733585,0.100721897559299,0.0130629082158817,0.117566173942936,0.0144379511859746,0.0233757304915779,0.00756273633551048,0.00378136816775524,0,0.00309384668270883,0,0,0,0,0,0,0.00378136816775524,0,0.00756273633551048,0,0,0,0,0,0,0,0,0,0,0,0,0,0,0,0,0,0,0,0,0,0,0,0,0,0,0,0.00412512891027845,0,0,0,0,0,0,0.00550017188037126,0,0,0,0,0,0,0,0,0,0,0,0,0,0,0,0,0,0,0,0,0,0,0,0,0,0,0,0,0,0
"CHPd148",0,0.391078838174274,0.103734439834025,0.224066390041494,0.0798755186721992,0.00570539419087137,0.0321576763485477,0.0119294605809129,0.0306016597510373,0.0306016597510373,0.0103734439834025,0.0140041493775934,0.0269709543568465,0,0.004149377593361,0,0,0,0.00778008298755187,0.00933609958506224,0,0.00778008298755187,0,0,0,0.00674273858921162,0,0,0,0,0,0,0.00311203319502075,0,0,0,0,0,0,0,0,0,0,0,0,0,0,0,0,0,0,0,0,0,0,0,0,0,0,0,0,0,0,0,0,0,0,0,0,0,0,0,0,0,0,0,0,0,0,0,0,0,0,0,0,0,0,0,0
"CHPd149",0,0.0458898146996642,0.0288521328193011,0.486257928118393,0.0149235169755006,0,0.222111677652033,0.0620569580897898,0.0200223852754632,0.0715085188409402,0.0154209675413506,0.00323342867802512,0.00149235169755006,0,0.0169133192389006,0.000870538490237533,0,0.00223852754632508,0.00136798905608755,0,0,0.00161671433901256,0,0,0,0,0,0,0,0,0,0,0,0,0,0,0,0.00111926377316254,0,0.000994901131700037,0,0,0,0,0,0,0,0,0.000621813207312523,0.000870538490237533,0,0,0,0,0,0,0,0,0,0,0,0,0,0,0,0,0,0,0,0,0,0,0,0,0,0,0,0,0,0,0,0.00161671433901256,0,0,0,0,0,0,0
"CHPd165",0,0.127881040892193,0,0.174349442379182,0,0.218587360594796,0,0,0,0,0,0,0.0907063197026022,0,0,0,0,0,0,0,0,0,0,0.236431226765799,0.152044609665428,0,0,0,0,0,0,0,0,0,0,0,0,0,0,0,0,0,0,0,0,0,0,0,0,0,0,0,0,0,0,0,0,0,0,0,0,0,0,0,0,0,0,0,0,0,0,0,0,0,0,0,0,0,0,0,0,0,0,0,0,0,0,0,0
